<?xml version="1.0" encoding="utf-8" ?>
<dwsync>
<file name="wakaka.css" server="G:/2017.2学期/web information/schoolhehe" local="131403361820000000" remote="131403361820000000" Dst="0" />
<file name="USstate.html" server="G:/2017.2学期/web information/schoolhehe" local="131381468560000000" remote="131381468560000000" Dst="0" />
<file name="carousel.css" server="G:/2017.2学期/web information/schoolhehe" local="131138743140000000" remote="131138743140000000" Dst="0" />
<file name="loginsyle.css" server="G:/2017.2学期/web information/schoolhehe" local="131403425920000000" remote="131403425920000000" Dst="0" />
<file name="index.html" server="G:/2017.2学期/web information/schoolhehe" local="131404500375224888" remote="131404500370000000" Dst="0" />
<file name="Moments.php" server="G:/2017.2学期/web information/schoolhehe" local="131404635845608170" remote="131404635840000000" Dst="0" />
<file name="vote.php" server="G:/2017.2学期/web information/schoolhehe" local="131404642476529180" remote="131404642470000000" Dst="0" />
<file name="RANK_P.php" server="G:/2017.2学期/web information/schoolhehe" local="131404643250328967" remote="131404643250000000" Dst="0" />
<file name="photos.php" server="G:/2017.2学期/web information/schoolhehe" local="131404644157918876" remote="131404644150000000" Dst="0" />
<file name="new1.php" server="G:/2017.2学期/web information/schoolhehe" local="131404644976967039" remote="131404644970000000" Dst="0" />
<file name="MAP_P.php" server="G:/2017.2学期/web information/schoolhehe" local="131404645773750678" remote="131404645770000000" Dst="0" />
</dwsync>